x,y,radius,drawdown
20.0,440.0,141.4213562373095,-3.0164811627520245
26.896551724137936,440.0,136.63181211144104,-3.0802763700668936
33.79310344827586,440.0,132.02889461432173,-3.1438261334656064
40.689655172413794,440.0,127.63279671256377,-3.206712689682114
47.586206896551715,440.0,123.46561234460799,-3.268437634520453
54.48275862068965,440.0,119.55128154041184,-3.3284162930216517
61.37931034482759,440.0,115.91542285497663,-3.385975789914753
68.27586206896552,440.0,112.58501874010005,-3.440358806739488
75.17241379310344,440.0,109.58792125566002,-3.4907352144016457
82.06896551724137,440.0,106.95215461566085,-3.5362236067084334
88.9655172413793,440.0,104.70501000475157,-3.575924017310031
95.86206896551724,440.0,102.8719578632848,-3.608961625529525
102.75862068965517,440.0,101.47544116939422,-3.634539080135357
109.6551724137931,440.0,100.53365335940174,-3.6519925428271582
116.55172413793103,440.0,100.05943536928902,-3.6608443682170164
123.44827586206895,440.0,100.05943536928902,-3.6608443682170164
130.3448275862069,440.0,100.53365335940174,-3.6519925428271582
137.24137931034483,440.0,101.47544116939422,-3.634539080135357
144.13793103448273,440.0,102.8719578632848,-3.608961625529525
151.03448275862067,440.0,104.70501000475156,-3.575924017310031
157.9310344827586,440.0,106.95215461566085,-3.5362236067084334
164.82758620689654,440.0,109.58792125566002,-3.4907352144016457
171.72413793103448,440.0,112.58501874010005,-3.440358806739488
178.6206896551724,440.0,115.91542285497663,-3.385975789914753
185.51724137931035,440.0,119.55128154041184,-3.3284162930216517
192.41379310344826,440.0,123.46561234460796,-3.268437634520453
199.3103448275862,440.0,127.63279671256376,-3.206712689682114
206.20689655172413,440.0,132.0288946143217,-3.143826133465607
213.10344827586206,440.0,136.63181211144104,-3.0802763700668936
220.0,440.0,141.4213562373095,-3.0164811627520245
20.0,446.8965517241379,136.63181211144104,-3.0802763700668936
26.896551724137936,446.8965517241379,131.66815925542608,-3.148903829608431
33.79310344827586,446.8965517241379,126.88530684809723,-3.217629247504642
40.689655172413794,446.8965517241379,122.3044679377117,-3.286021891283177
47.586206896551715,446.8965517241379,117.94918190680737,-3.3535531991527314
54.48275862068965,446.8965517241379,113.84533806358053,-3.4195860382458876
61.37931034482759,446.8965517241379,110.02107678306079,-3.483367522582277
68.27586206896552,446.8965517241379,106.50651869986551,-3.544028166979234
75.17241379310344,446.8965517241379,103.33326940532204,-3.6005907621221076
82.06896551724137,446.8965517241379,100.53365335940173,-3.651992542827159
88.9655172413793,446.8965517241379,98.13965152246693,-3.6971235754908798
95.86206896551724,446.8965517241379,96.18155642056105,-3.734882407523748
102.75862068965517,446.8965517241379,94.68641529479986,-3.7642467406371445
109.6551724137931,446.8965517241379,93.67639798073189,-3.7843526020641876
116.55172413793103,446.8965517241379,93.1672833524572,-3.7945713278953535
123.44827586206895,446.8965517241379,93.1672833524572,-3.7945713278953535
130.3448275862069,446.8965517241379,93.67639798073189,-3.7843526020641876
137.24137931034483,446.8965517241379,94.68641529479986,-3.7642467406371445
144.13793103448273,446.8965517241379,96.18155642056105,-3.734882407523748
151.03448275862067,446.8965517241379,98.13965152246693,-3.6971235754908798
157.9310344827586,446.8965517241379,100.53365335940171,-3.651992542827159
164.82758620689654,446.8965517241379,103.33326940532204,-3.6005907621221076
171.72413793103448,446.8965517241379,106.50651869986551,-3.544028166979234
178.6206896551724,446.8965517241379,110.02107678306079,-3.483367522582277
185.51724137931035,446.8965517241379,113.84533806358053,-3.4195860382458876
192.41379310344826,446.8965517241379,117.94918190680735,-3.3535531991527314
199.3103448275862,446.8965517241379,122.3044679377117,-3.286021891283177
206.20689655172413,446.8965517241379,126.88530684809722,-3.2176292475046426
213.10344827586206,446.8965517241379,131.66815925542608,-3.148903829608431
220.0,446.8965517241379,136.63181211144104,-3.0802763700668936
20.0,453.7931034482759,132.02889461432173,-3.1438261334656064
26.896551724137936,453.7931034482759,126.88530684809723,-3.217629247504642
33.79310344827586,453.7931034482759,121.91496227354268,-3.2919592822651196
40.689655172413794,453.7931034482759,117.13991552733124,-3.3663850148300885
47.586206896551715,453.7931034482759,112.58501874010005,-3.440358806739488
54.48275862068965,453.7931034482759,108.27805840074194,-3.5131987145098678
61.37931034482759,453.7931034482759,104.24976867469637,-3.584073262763423
68.27586206896552,453.7931034482759,100.53365335940174,-3.6519925428271582
75.17241379310344,453.7931034482759,97.16553657658876,-3.7158106199838374
82.06896551724137,453.7931034482759,94.1827605775701,-3.774245197998402
88.9655172413793,453.7931034482759,91.62296727990638,-3.8259203855475046
95.86206896551724,453.7931034482759,89.52244817756669,-3.8694363369060487
102.75862068965517,453.7931034482759,87.91412954470319,-3.9034648036390984
109.6551724137931,453.7931034482759,86.82536766906325,-3.926862424519832
116.55172413793103,453.7931034482759,86.27583450480554,-3.938785633530485
123.44827586206895,453.7931034482759,86.27583450480554,-3.938785633530485
130.3448275862069,453.7931034482759,86.82536766906325,-3.926862424519832
137.24137931034483,453.7931034482759,87.91412954470319,-3.9034648036390984
144.13793103448273,453.7931034482759,89.52244817756669,-3.8694363369060487
151.03448275862067,453.7931034482759,91.62296727990636,-3.8259203855475046
157.9310344827586,453.7931034482759,94.18276057757008,-3.774245197998403
164.82758620689654,453.7931034482759,97.16553657658876,-3.7158106199838374
171.72413793103448,453.7931034482759,100.53365335940174,-3.6519925428271582
178.6206896551724,453.7931034482759,104.24976867469637,-3.584073262763423
185.51724137931035,453.7931034482759,108.27805840074194,-3.5131987145098678
192.41379310344826,453.7931034482759,112.58501874010004,-3.440358806739488
199.3103448275862,453.7931034482759,117.13991552733123,-3.3663850148300893
206.20689655172413,453.7931034482759,121.91496227354267,-3.2919592822651196
213.10344827586206,453.7931034482759,126.88530684809723,-3.217629247504642
220.0,453.7931034482759,132.02889461432173,-3.1438261334656064
20.0,460.6896551724138,127.63279671256377,-3.206712689682114
26.896551724137936,460.6896551724138,122.3044679377117,-3.286021891283177
33.79310344827586,460.6896551724138,117.13991552733124,-3.3663850148300885
40.689655172413794,460.6896551724138,112.16176529165926,-3.447388714104476
47.586206896551715,460.6896551724138,107.3959413958444,-3.5284845576735977
54.48275862068965,460.6896551724138,102.8719578632848,-3.608961625529525
61.37931034482759,460.6896551724138,98.62310100741442,-3.6879195930306623
68.27586206896552,460.6896551724138,94.68641529479987,-3.7642467406371436
75.17241379310344,460.6896551724138,91.10237802498555,-3.836609773089747
82.06896551724137,460.6896551724138,87.91412954470319,-3.9034648036390984
88.9655172413793,460.6896551724138,85.16613127743771,-3.9631002589964415
95.86206896551724,460.6896551724138,82.90217434600902,-4.013721015846945
102.75862068965517,460.6896551724138,81.16277445475738,-4.053576831308024
109.6551724137931,460.6896551724138,79.98216210167726,-4.081126278971761
116.55172413793103,460.6896551724138,79.38527195325061,-4.095212189325397
123.44827586206895,460.6896551724138,79.38527195325061,-4.095212189325397
130.3448275862069,460.6896551724138,79.98216210167725,-4.081126278971761
137.24137931034483,460.6896551724138,81.16277445475738,-4.053576831308024
144.13793103448273,460.6896551724138,82.90217434600902,-4.013721015846945
151.03448275862067,460.6896551724138,85.16613127743771,-3.9631002589964415
157.9310344827586,460.6896551724138,87.91412954470317,-3.9034648036390984
164.82758620689654,460.6896551724138,91.10237802498555,-3.836609773089747
171.72413793103448,460.6896551724138,94.68641529479987,-3.7642467406371436
178.6206896551724,460.6896551724138,98.62310100741442,-3.6879195930306623
185.51724137931035,460.6896551724138,102.8719578632848,-3.608961625529525
192.41379310344826,460.6896551724138,107.39594139584437,-3.5284845576735977
199.3103448275862,460.6896551724138,112.16176529165925,-3.447388714104476
206.20689655172413,460.6896551724138,117.13991552733123,-3.3663850148300893
213.10344827586206,460.6896551724138,122.3044679377117,-3.286021891283177
220.0,460.6896551724138,127.63279671256377,-3.206712689682114
20.0,467.58620689655174,123.46561234460799,-3.268437634520453
26.896551724137936,467.58620689655174,117.94918190680737,-3.3535531991527314
33.79310344827586,467.58620689655174,112.58501874010005,-3.440358806739488
40.689655172413794,467.58620689655174,107.3959413958444,-3.5284845576735977
47.586206896551715,467.58620689655174,102.40856830977586,-3.617409029945229
54.48275862068965,467.58620689655174,97.65380867935377,-3.7064199668166564
61.37931034482759,467.58620689655174,93.16728335245723,-3.7945713278953535
68.27586206896552,467.58620689655174,88.98957172802719,-3.880641348719688
75.17241379310344,467.58620689655174,85.16613127743773,-3.9631002589964415
82.06896551724137,467.58620689655174,81.74668683537723,-4.040101366684382
88.9655172413793,467.58620689655174,78.78385971583354,-4.1095139617820555
95.86206896551724,467.58620689655174,76.33084007302986,-4.169017864256661
102.75862068965517,467.58620689655174,74.43804532732037,-4.216272835174009
109.6551724137931,467.58620689655174,73.14897736412561,-4.249157558563497
116.55172413793103,467.58620689655174,72.49584841940911,-4.266043910851472
123.44827586206895,467.58620689655174,72.49584841940911,-4.266043910851472
130.3448275862069,467.58620689655174,73.14897736412561,-4.249157558563497
137.24137931034483,467.58620689655174,74.43804532732037,-4.216272835174009
144.13793103448273,467.58620689655174,76.33084007302985,-4.169017864256661
151.03448275862067,467.58620689655174,78.78385971583354,-4.1095139617820555
157.9310344827586,467.58620689655174,81.74668683537723,-4.040101366684382
164.82758620689654,467.58620689655174,85.16613127743771,-3.9631002589964415
171.72413793103448,467.58620689655174,88.98957172802717,-3.880641348719688
178.6206896551724,467.58620689655174,93.16728335245723,-3.7945713278953535
185.51724137931035,467.58620689655174,97.65380867935377,-3.7064199668166564
192.41379310344826,467.58620689655174,102.40856830977584,-3.617409029945229
199.3103448275862,467.58620689655174,107.39594139584439,-3.5284845576735977
206.20689655172413,467.58620689655174,112.58501874010005,-3.440358806739488
213.10344827586206,467.58620689655174,117.94918190680737,-3.3535531991527314
220.0,467.58620689655174,123.46561234460799,-3.268437634520453
20.0,474.48275862068965,119.55128154041184,-3.3284162930216517
26.896551724137936,474.48275862068965,113.84533806358053,-3.4195860382458876
33.79310344827586,474.48275862068965,108.27805840074194,-3.5131987145098678
40.689655172413794,474.48275862068965,102.8719578632848,-3.608961625529525
47.586206896551715,474.48275862068965,97.65380867935377,-3.7064199668166564
54.48275862068965,474.48275862068965,92.65537132789244,-3.804903829070306
61.37931034482759,474.48275862068965,87.91412954470319,-3.9034648036390984
68.27586206896552,474.48275862068965,83.47392025455314,-4.00080564693887
75.17241379310344,474.48275862068965,79.38527195325061,-4.095212189325397
82.06896551724137,474.48275862068965,75.70516689689707,-4.184505555598019
88.9655172413793,474.48275862068965,72.4958484194091,-4.266043910851473
95.86206896551724,474.48275862068965,69.82226459074685,-4.336812070968193
102.75862068965517,474.48275862068965,67.74787139444311,-4.393635135508377
109.6551724137931,474.48275862068965,66.3289105574874,-4.43352664079981
116.55172413793103,474.48275862068965,65.60792272565672,-4.454127583487561
123.44827586206895,474.48275862068965,65.60792272565672,-4.454127583487561
130.3448275862069,474.48275862068965,66.32891055748739,-4.433526640799811
137.24137931034483,474.48275862068965,67.74787139444311,-4.393635135508377
144.13793103448273,474.48275862068965,69.82226459074685,-4.336812070968193
151.03448275862067,474.48275862068965,72.49584841940909,-4.266043910851473
157.9310344827586,474.48275862068965,75.70516689689705,-4.184505555598019
164.82758620689654,474.48275862068965,79.38527195325061,-4.095212189325397
171.72413793103448,474.48275862068965,83.47392025455314,-4.00080564693887
178.6206896551724,474.48275862068965,87.91412954470319,-3.9034648036390984
185.51724137931035,474.48275862068965,92.65537132789244,-3.804903829070306
192.41379310344826,474.48275862068965,97.65380867935374,-3.7064199668166573
199.3103448275862,474.48275862068965,102.8719578632848,-3.608961625529525
206.20689655172413,474.48275862068965,108.27805840074194,-3.5131987145098678
213.10344827586206,474.48275862068965,113.84533806358053,-3.4195860382458876
220.0,474.48275862068965,119.55128154041184,-3.3284162930216517
20.0,481.37931034482756,115.91542285497663,-3.385975789914753
26.896551724137936,481.37931034482756,110.02107678306079,-3.483367522582277
33.79310344827586,481.37931034482756,104.24976867469637,-3.584073262763423
40.689655172413794,481.37931034482756,98.62310100741442,-3.6879195930306623
47.586206896551715,481.37931034482756,93.16728335245723,-3.7945713278953535
54.48275862068965,481.37931034482756,87.91412954470319,-3.9034648036390984
61.37931034482759,481.37931034482756,82.90217434600902,-4.013721015846945
68.27586206896552,481.37931034482756,78.17782102589402,-4.124038264474909
75.17241379310344,481.37931034482756,73.79632606562998,-4.232570657202754
82.06896551724137,481.37931034482756,69.82226459074685,-4.336812070968193
88.9655172413793,481.37931034482756,66.3289105574874,-4.43352664079981
95.86206896551724,481.37931034482756,63.39578038224219,-4.518793207832667
102.75862068965517,481.37931034482756,61.103603954032245,-4.588247250884911
109.6551724137931,481.37931034482756,59.526470695282995,-4.637579126863538
116.55172413793103,481.37931034482756,58.722021951470346,-4.663251913347815
123.44827586206895,481.37931034482756,58.722021951470346,-4.663251913347815
130.3448275862069,481.37931034482756,59.526470695282995,-4.637579126863538
137.24137931034483,481.37931034482756,61.103603954032245,-4.588247250884911
144.13793103448273,481.37931034482756,63.39578038224219,-4.518793207832667
151.03448275862067,481.37931034482756,66.32891055748739,-4.433526640799811
157.9310344827586,481.37931034482756,69.82226459074684,-4.336812070968194
164.82758620689654,481.37931034482756,73.79632606562998,-4.232570657202754
171.72413793103448,481.37931034482756,78.17782102589402,-4.124038264474909
178.6206896551724,481.37931034482756,82.90217434600902,-4.013721015846945
185.51724137931035,481.37931034482756,87.91412954470319,-3.9034648036390984
192.41379310344826,481.37931034482756,93.1672833524572,-3.7945713278953535
199.3103448275862,481.37931034482756,98.62310100741442,-3.6879195930306623
206.20689655172413,481.37931034482756,104.24976867469637,-3.584073262763423
213.10344827586206,481.37931034482756,110.02107678306079,-3.483367522582277
220.0,481.37931034482756,115.91542285497663,-3.385975789914753
20.0,488.2758620689655,112.58501874010005,-3.440358806739488
26.896551724137936,488.2758620689655,106.50651869986551,-3.544028166979234
33.79310344827586,488.2758620689655,100.53365335940174,-3.6519925428271582
40.689655172413794,488.2758620689655,94.68641529479987,-3.7642467406371436
47.586206896551715,488.2758620689655,88.98957172802719,-3.880641348719688
54.48275862068965,488.2758620689655,83.47392025455314,-4.00080564693887
61.37931034482759,488.2758620689655,78.17782102589402,-4.124038264474909
68.27586206896552,488.2758620689655,73.14897736412561,-4.249157558563497
75.17241379310344,488.2758620689655,68.44632152165245,-4.374308602165198
82.06896551724137,488.2758620689655,64.14163875082164,-4.496738965854175
88.9655172413793,488.2758620689655,60.32019201564104,-4.612589325097488
95.86206896551724,488.2758620689655,57.07912192154086,-4.716802606813054
102.75862068965517,488.2758620689655,54.522028623592746,-4.803322346988963
109.6551724137931,488.2758620689655,52.74847772682191,-4.865765748958293
116.55172413793103,488.2758620689655,51.8389530288721,-4.898613298435483
123.44827586206895,488.2758620689655,51.8389530288721,-4.898613298435483
130.3448275862069,488.2758620689655,52.74847772682191,-4.865765748958293
137.24137931034483,488.2758620689655,54.522028623592746,-4.803322346988963
144.13793103448273,488.2758620689655,57.07912192154085,-4.716802606813054
151.03448275862067,488.2758620689655,60.32019201564103,-4.612589325097488
157.9310344827586,488.2758620689655,64.14163875082163,-4.496738965854176
164.82758620689654,488.2758620689655,68.44632152165244,-4.374308602165198
171.72413793103448,488.2758620689655,73.1489773641256,-4.249157558563497
178.6206896551724,488.2758620689655,78.17782102589402,-4.124038264474909
185.51724137931035,488.2758620689655,83.47392025455314,-4.00080564693887
192.41379310344826,488.2758620689655,88.98957172802716,-3.880641348719689
199.3103448275862,488.2758620689655,94.68641529479986,-3.7642467406371445
206.20689655172413,488.2758620689655,100.53365335940173,-3.651992542827159
213.10344827586206,488.2758620689655,106.50651869986551,-3.544028166979234
220.0,488.2758620689655,112.58501874010005,-3.440358806739488
20.0,495.17241379310343,109.58792125566002,-3.4907352144016457
26.896551724137936,495.17241379310343,103.33326940532204,-3.6005907621221076
33.79310344827586,495.17241379310343,97.16553657658876,-3.7158106199838374
40.689655172413794,495.17241379310343,91.10237802498555,-3.836609773089747
47.586206896551715,495.17241379310343,85.16613127743773,-3.9631002589964415
54.48275862068965,495.17241379310343,79.38527195325061,-4.095212189325397
61.37931034482759,495.17241379310343,73.79632606562998,-4.232570657202754
68.27586206896552,495.17241379310343,68.44632152165245,-4.374308602165198
75.17241379310344,495.17241379310343,63.395780382242194,-4.518793207832667
82.06896551724137,495.17241379310343,58.72202195147036,-4.663251913347814
88.9655172413793,495.17241379310343,54.52202862359275,-4.8033223469889625
95.86206896551724,495.17241379310343,50.913182966322076,-4.9326486496728785
102.75862068965517,495.17241379310343,48.028925093738344,-5.0428233435280125
109.6551724137931,495.17241379310343,46.00573815215977,-5.124151916321925
116.55172413793103,495.17241379310343,44.96001658760448,-5.167608802853338
123.44827586206895,495.17241379310343,44.96001658760448,-5.167608802853338
130.3448275862069,495.17241379310343,46.00573815215977,-5.124151916321925
137.24137931034483,495.17241379310343,48.028925093738344,-5.0428233435280125
144.13793103448273,495.17241379310343,50.91318296632207,-4.9326486496728785
151.03448275862067,495.17241379310343,54.52202862359274,-4.803322346988963
157.9310344827586,495.17241379310343,58.72202195147034,-4.663251913347815
164.82758620689654,495.17241379310343,63.39578038224219,-4.518793207832667
171.72413793103448,495.17241379310343,68.44632152165244,-4.374308602165198
178.6206896551724,495.17241379310343,73.79632606562998,-4.232570657202754
185.51724137931035,495.17241379310343,79.38527195325061,-4.095212189325397
192.41379310344826,495.17241379310343,85.1661312774377,-3.9631002589964424
199.3103448275862,495.17241379310343,91.10237802498555,-3.836609773089747
206.20689655172413,495.17241379310343,97.16553657658876,-3.7158106199838374
213.10344827586206,495.17241379310343,103.33326940532204,-3.6005907621221076
220.0,495.17241379310343,109.58792125566002,-3.4907352144016457
20.0,502.0689655172414,106.95215461566085,-3.5362236067084334
26.896551724137936,502.0689655172414,100.53365335940173,-3.651992542827159
33.79310344827586,502.0689655172414,94.1827605775701,-3.774245197998402
40.689655172413794,502.0689655172414,87.91412954470319,-3.9034648036390984
47.586206896551715,502.0689655172414,81.74668683537723,-4.040101366684382
54.48275862068965,502.0689655172414,75.70516689689707,-4.184505555598019
61.37931034482759,502.0689655172414,69.82226459074685,-4.336812070968193
68.27586206896552,502.0689655172414,64.14163875082164,-4.496738965854175
75.17241379310344,502.0689655172414,58.72202195147036,-4.663251913347814
82.06896551724137,502.0689655172414,53.64258340035879,-4.834026125249218
88.9655172413793,502.0689655172414,49.009208288109996,-5.004648464439247
95.86206896551724,502.0689655172414,44.96001658760448,-5.167608802853338
102.75862068965517,502.0689655172414,41.66567577101577,-5.3114663633581785
109.6551724137931,502.0689655172414,39.3163939689358,-5.421213079736386
116.55172413793103,502.0689655172414,38.087451783404354,-5.481275372683282
123.44827586206895,502.0689655172414,38.087451783404354,-5.481275372683282
130.3448275862069,502.0689655172414,39.3163939689358,-5.421213079736386
137.24137931034483,502.0689655172414,41.66567577101577,-5.3114663633581785
144.13793103448273,502.0689655172414,44.96001658760447,-5.167608802853338
151.03448275862067,502.0689655172414,49.009208288109974,-5.0046484644392475
157.9310344827586,502.0689655172414,53.642583400358774,-4.834026125249218
164.82758620689654,502.0689655172414,58.72202195147034,-4.663251913347815
171.72413793103448,502.0689655172414,64.14163875082164,-4.496738965854175
178.6206896551724,502.0689655172414,69.82226459074685,-4.336812070968193
185.51724137931035,502.0689655172414,75.70516689689707,-4.184505555598019
192.41379310344826,502.0689655172414,81.74668683537722,-4.040101366684382
199.3103448275862,502.0689655172414,87.91412954470317,-3.9034648036390984
206.20689655172413,502.0689655172414,94.18276057757008,-3.774245197998403
213.10344827586206,502.0689655172414,100.53365335940173,-3.651992542827159
220.0,502.0689655172414,106.95215461566085,-3.5362236067084334
20.0,508.9655172413793,104.70501000475157,-3.575924017310031
26.896551724137936,508.9655172413793,98.13965152246693,-3.6971235754908798
33.79310344827586,508.9655172413793,91.62296727990638,-3.8259203855475046
40.689655172413794,508.9655172413793,85.16613127743771,-3.9631002589964415
47.586206896551715,508.9655172413793,78.78385971583354,-4.1095139617820555
54.48275862068965,508.9655172413793,72.4958484194091,-4.266043910851473
61.37931034482759,508.9655172413793,66.3289105574874,-4.43352664079981
68.27586206896552,508.9655172413793,60.32019201564104,-4.612589325097488
75.17241379310344,508.9655172413793,54.52202862359275,-4.8033223469889625
82.06896551724137,508.9655172413793,49.009208288109996,-5.004648464439247
88.9655172413793,508.9655172413793,43.889386418475375,-5.21316594933581
95.86206896551724,508.9655172413793,39.3163939689358,-5.421213079736386
102.75862068965517,508.9655172413793,35.50217289995518,-5.614241413018407
109.6551724137931,508.9655172413793,32.71321717415566,-5.769041472408941
116.55172413793103,508.9655172413793,31.225465993577306,-5.857123547586116
123.44827586206895,508.9655172413793,31.225465993577306,-5.857123547586116
130.3448275862069,508.9655172413793,32.71321717415565,-5.769041472408942
137.24137931034483,508.9655172413793,35.50217289995518,-5.614241413018407
144.13793103448273,508.9655172413793,39.31639396893579,-5.421213079736387
151.03448275862067,508.9655172413793,43.889386418475354,-5.21316594933581
157.9310344827586,508.9655172413793,49.009208288109974,-5.0046484644392475
164.82758620689654,508.9655172413793,54.52202862359274,-4.803322346988963
171.72413793103448,508.9655172413793,60.320192015641034,-4.612589325097488
178.6206896551724,508.9655172413793,66.3289105574874,-4.43352664079981
185.51724137931035,508.9655172413793,72.4958484194091,-4.266043910851473
192.41379310344826,508.9655172413793,78.78385971583351,-4.109513961782056
199.3103448275862,508.9655172413793,85.16613127743771,-3.9631002589964415
206.20689655172413,508.9655172413793,91.62296727990635,-3.8259203855475046
213.10344827586206,508.9655172413793,98.13965152246693,-3.6971235754908798
220.0,508.9655172413793,104.70501000475157,-3.575924017310031
20.0,515.8620689655172,102.8719578632848,-3.608961625529525
26.896551724137936,515.8620689655172,96.18155642056105,-3.734882407523748
33.79310344827586,515.8620689655172,89.52244817756669,-3.8694363369060487
40.689655172413794,515.8620689655172,82.90217434600902,-4.013721015846945
47.586206896551715,515.8620689655172,76.33084007302986,-4.169017864256661
54.48275862068965,515.8620689655172,69.82226459074685,-4.336812070968193
61.37931034482759,515.8620689655172,63.39578038224219,-4.518793207832667
68.27586206896552,515.8620689655172,57.07912192154086,-4.716802606813054
75.17241379310344,515.8620689655172,50.913182966322076,-4.9326486496728785
82.06896551724137,515.8620689655172,44.96001658760448,-5.167608802853338
88.9655172413793,515.8620689655172,39.3163939689358,-5.421213079736386
95.86206896551724,515.8620689655172,34.136189436591955,-5.688474360479329
102.75862068965517,515.8620689655172,29.663190576009058,-5.954265825396513
109.6551724137931,515.8620689655172,26.261286571944517,-6.1848469497475405
116.55172413793103,515.8620689655172,24.38299245470854,-6.325345527326263
123.44827586206895,515.8620689655172,24.382992454708535,-6.325345527326263
130.3448275862069,515.8620689655172,26.26128657194451,-6.184846949747541
137.24137931034483,515.8620689655172,29.663190576009058,-5.954265825396513
144.13793103448273,515.8620689655172,34.13618943659194,-5.68847436047933
151.03448275862067,515.8620689655172,39.31639396893578,-5.421213079736388
157.9310344827586,515.8620689655172,44.960016587604464,-5.167608802853338
164.82758620689654,515.8620689655172,50.91318296632206,-4.9326486496728785
171.72413793103448,515.8620689655172,57.07912192154085,-4.716802606813054
178.6206896551724,515.8620689655172,63.39578038224219,-4.518793207832667
185.51724137931035,515.8620689655172,69.82226459074685,-4.336812070968193
192.41379310344826,515.8620689655172,76.33084007302983,-4.169017864256662
199.3103448275862,515.8620689655172,82.902174346009,-4.013721015846946
206.20689655172413,515.8620689655172,89.52244817756667,-3.8694363369060487
213.10344827586206,515.8620689655172,96.18155642056105,-3.734882407523748
220.0,515.8620689655172,102.8719578632848,-3.608961625529525
20.0,522.7586206896551,101.47544116939422,-3.634539080135357
26.896551724137936,522.7586206896551,94.68641529479986,-3.7642467406371445
33.79310344827586,522.7586206896551,87.91412954470319,-3.9034648036390984
40.689655172413794,522.7586206896551,81.16277445475738,-4.053576831308024
47.586206896551715,522.7586206896551,74.43804532732037,-4.216272835174009
54.48275862068965,522.7586206896551,67.74787139444311,-4.393635135508377
61.37931034482759,522.7586206896551,61.103603954032245,-4.588247250884911
68.27586206896552,522.7586206896551,54.522028623592746,-4.803322346988963
75.17241379310344,522.7586206896551,48.028925093738344,-5.0428233435280125
82.06896551724137,522.7586206896551,41.66567577101577,-5.3114663633581785
88.9655172413793,522.7586206896551,35.50217289995518,-5.614241413018407
95.86206896551724,522.7586206896551,29.663190576009058,-5.954265825396513
102.75862068965517,522.7586206896551,24.382992454708532,-6.325345527326264
109.6551724137931,522.7586206896551,20.10673067188035,-6.690488707421426
116.55172413793103,522.7586206896551,17.582825908940638,-6.944521564711164
123.44827586206895,522.7586206896551,17.582825908940634,-6.944521564711164
130.3448275862069,522.7586206896551,20.106730671880342,-6.6904887074214265
137.24137931034483,522.7586206896551,24.382992454708532,-6.325345527326264
144.13793103448273,522.7586206896551,29.663190576009047,-5.954265825396513
151.03448275862067,522.7586206896551,35.502172899955156,-5.614241413018408
157.9310344827586,522.7586206896551,41.665675771015756,-5.3114663633581785
164.82758620689654,522.7586206896551,48.02892509373833,-5.042823343528013
171.72413793103448,522.7586206896551,54.52202862359274,-4.803322346988963
178.6206896551724,522.7586206896551,61.103603954032245,-4.588247250884911
185.51724137931035,522.7586206896551,67.74787139444311,-4.393635135508377
192.41379310344826,522.7586206896551,74.43804532732034,-4.21627283517401
199.3103448275862,522.7586206896551,81.16277445475737,-4.053576831308025
206.20689655172413,522.7586206896551,87.91412954470317,-3.9034648036390984
213.10344827586206,522.7586206896551,94.68641529479986,-3.7642467406371445
220.0,522.7586206896551,101.47544116939422,-3.634539080135357
20.0,529.6551724137931,100.53365335940174,-3.6519925428271582
26.896551724137936,529.6551724137931,93.67639798073189,-3.7843526020641876
33.79310344827586,529.6551724137931,86.82536766906325,-3.926862424519832
40.689655172413794,529.6551724137931,79.98216210167726,-4.081126278971761
47.586206896551715,529.6551724137931,73.14897736412561,-4.249157558563497
54.48275862068965,529.6551724137931,66.3289105574874,-4.43352664079981
61.37931034482759,529.6551724137931,59.526470695282995,-4.637579126863538
68.27586206896552,529.6551724137931,52.74847772682191,-4.865765748958293
75.17241379310344,529.6551724137931,46.00573815215977,-5.124151916321925
82.06896551724137,529.6551724137931,39.3163939689358,-5.421213079736386
88.9655172413793,529.6551724137931,32.71321717415566,-5.769041472408941
95.86206896551724,529.6551724137931,26.261286571944517,-6.1848469497475405
102.75862068965517,529.6551724137931,20.10673067188035,-6.690488707421426
109.6551724137931,529.6551724137931,14.629795472825132,-7.29277868339363
116.55172413793103,529.6551724137931,10.904405724718558,-7.849511609980888
123.44827586206895,529.6551724137931,10.904405724718552,-7.8495116099808895
130.3448275862069,529.6551724137931,14.629795472825123,-7.292778683393632
137.24137931034483,529.6551724137931,20.10673067188035,-6.690488707421426
144.13793103448273,529.6551724137931,26.261286571944503,-6.184846949747541
151.03448275862067,529.6551724137931,32.71321717415563,-5.769041472408943
157.9310344827586,529.6551724137931,39.31639396893578,-5.421213079736388
164.82758620689654,529.6551724137931,46.00573815215976,-5.124151916321926
171.72413793103448,529.6551724137931,52.7484777268219,-4.865765748958294
178.6206896551724,529.6551724137931,59.526470695282995,-4.637579126863538
185.51724137931035,529.6551724137931,66.3289105574874,-4.43352664079981
192.41379310344826,529.6551724137931,73.14897736412559,-4.249157558563498
199.3103448275862,529.6551724137931,79.98216210167725,-4.081126278971761
206.20689655172413,529.6551724137931,86.82536766906324,-3.926862424519832
213.10344827586206,529.6551724137931,93.67639798073189,-3.7843526020641876
220.0,529.6551724137931,100.53365335940174,-3.6519925428271582
20.0,536.551724137931,100.05943536928902,-3.6608443682170164
26.896551724137936,536.551724137931,93.1672833524572,-3.7945713278953535
33.79310344827586,536.551724137931,86.27583450480554,-3.938785633530485
40.689655172413794,536.551724137931,79.38527195325061,-4.095212189325397
47.586206896551715,536.551724137931,72.49584841940911,-4.266043910851472
54.48275862068965,536.551724137931,65.60792272565672,-4.454127583487561
61.37931034482759,536.551724137931,58.722021951470346,-4.663251913347815
68.27586206896552,536.551724137931,51.8389530288721,-4.898613298435483
75.17241379310344,536.551724137931,44.96001658760448,-5.167608802853338
82.06896551724137,536.551724137931,38.087451783404354,-5.481275372683282
88.9655172413793,536.551724137931,31.225465993577306,-5.857123547586116
95.86206896551724,536.551724137931,24.38299245470854,-6.325345527326263
102.75862068965517,536.551724137931,17.582825908940638,-6.944521564711164
109.6551724137931,536.551724137931,10.904405724718558,-7.849511609980888
116.55172413793103,536.551724137931,4.876598490941711,-9.374106710022298
123.44827586206895,536.551724137931,4.8765984909417,-9.374106710022302
130.3448275862069,536.551724137931,10.904405724718544,-7.849511609980891
137.24137931034483,536.551724137931,17.582825908940638,-6.944521564711164
144.13793103448273,536.551724137931,24.382992454708525,-6.325345527326264
151.03448275862067,536.551724137931,31.225465993577277,-5.857123547586116
157.9310344827586,536.551724137931,38.08745178340433,-5.481275372683283
164.82758620689654,536.551724137931,44.960016587604464,-5.167608802853338
171.72413793103448,536.551724137931,51.83895302887209,-4.898613298435483
178.6206896551724,536.551724137931,58.722021951470346,-4.663251913347815
185.51724137931035,536.551724137931,65.60792272565672,-4.454127583487561
192.41379310344826,536.551724137931,72.49584841940909,-4.266043910851473
199.3103448275862,536.551724137931,79.3852719532506,-4.095212189325397
206.20689655172413,536.551724137931,86.27583450480553,-3.938785633530485
213.10344827586206,536.551724137931,93.1672833524572,-3.7945713278953535
220.0,536.551724137931,100.05943536928902,-3.6608443682170164
20.0,543.448275862069,100.05943536928902,-3.6608443682170164
26.896551724137936,543.448275862069,93.1672833524572,-3.7945713278953535
33.79310344827586,543.448275862069,86.27583450480554,-3.938785633530485
40.689655172413794,543.448275862069,79.38527195325061,-4.095212189325397
47.586206896551715,543.448275862069,72.49584841940911,-4.266043910851472
54.48275862068965,543.448275862069,65.60792272565672,-4.454127583487561
61.37931034482759,543.448275862069,58.722021951470346,-4.663251913347815
68.27586206896552,543.448275862069,51.8389530288721,-4.898613298435483
75.17241379310344,543.448275862069,44.96001658760448,-5.167608802853338
82.06896551724137,543.448275862069,38.087451783404354,-5.481275372683282
88.9655172413793,543.448275862069,31.225465993577306,-5.857123547586116
95.86206896551724,543.448275862069,24.382992454708535,-6.325345527326263
102.75862068965517,543.448275862069,17.582825908940634,-6.944521564711164
109.6551724137931,543.448275862069,10.904405724718552,-7.8495116099808895
116.55172413793103,543.448275862069,4.8765984909417,-9.374106710022302
123.44827586206895,543.448275862069,4.87659849094169,-9.374106710022305
130.3448275862069,543.448275862069,10.904405724718538,-7.849511609980891
137.24137931034483,543.448275862069,17.582825908940634,-6.944521564711164
144.13793103448273,543.448275862069,24.38299245470852,-6.325345527326265
151.03448275862067,543.448275862069,31.225465993577277,-5.857123547586116
157.9310344827586,543.448275862069,38.08745178340433,-5.481275372683283
164.82758620689654,543.448275862069,44.960016587604464,-5.167608802853338
171.72413793103448,543.448275862069,51.83895302887209,-4.898613298435483
178.6206896551724,543.448275862069,58.722021951470346,-4.663251913347815
185.51724137931035,543.448275862069,65.60792272565672,-4.454127583487561
192.41379310344826,543.448275862069,72.49584841940909,-4.266043910851473
199.3103448275862,543.448275862069,79.3852719532506,-4.095212189325397
206.20689655172413,543.448275862069,86.27583450480553,-3.938785633530485
213.10344827586206,543.448275862069,93.1672833524572,-3.7945713278953535
220.0,543.448275862069,100.05943536928902,-3.6608443682170164
20.0,550.3448275862069,100.53365335940174,-3.6519925428271582
26.896551724137936,550.3448275862069,93.67639798073189,-3.7843526020641876
33.79310344827586,550.3448275862069,86.82536766906325,-3.926862424519832
40.689655172413794,550.3448275862069,79.98216210167725,-4.081126278971761
47.586206896551715,550.3448275862069,73.14897736412561,-4.249157558563497
54.48275862068965,550.3448275862069,66.32891055748739,-4.433526640799811
61.37931034482759,550.3448275862069,59.526470695282995,-4.637579126863538
68.27586206896552,550.3448275862069,52.74847772682191,-4.865765748958293
75.17241379310344,550.3448275862069,46.00573815215977,-5.124151916321925
82.06896551724137,550.3448275862069,39.3163939689358,-5.421213079736386
88.9655172413793,550.3448275862069,32.71321717415565,-5.769041472408942
95.86206896551724,550.3448275862069,26.26128657194451,-6.184846949747541
102.75862068965517,550.3448275862069,20.106730671880342,-6.6904887074214265
109.6551724137931,550.3448275862069,14.629795472825123,-7.292778683393632
116.55172413793103,550.3448275862069,10.904405724718544,-7.849511609980891
123.44827586206895,550.3448275862069,10.904405724718538,-7.849511609980891
130.3448275862069,550.3448275862069,14.629795472825112,-7.292778683393632
137.24137931034483,550.3448275862069,20.106730671880342,-6.6904887074214265
144.13793103448273,550.3448275862069,26.261286571944495,-6.184846949747542
151.03448275862067,550.3448275862069,32.71321717415562,-5.769041472408943
157.9310344827586,550.3448275862069,39.31639396893578,-5.421213079736388
164.82758620689654,550.3448275862069,46.00573815215976,-5.124151916321926
171.72413793103448,550.3448275862069,52.7484777268219,-4.865765748958294
178.6206896551724,550.3448275862069,59.526470695282995,-4.637579126863538
185.51724137931035,550.3448275862069,66.32891055748739,-4.433526640799811
192.41379310344826,550.3448275862069,73.14897736412559,-4.249157558563498
199.3103448275862,550.3448275862069,79.98216210167723,-4.0811262789717615
206.20689655172413,550.3448275862069,86.82536766906324,-3.926862424519832
213.10344827586206,550.3448275862069,93.67639798073189,-3.7843526020641876
220.0,550.3448275862069,100.53365335940174,-3.6519925428271582
20.0,557.2413793103449,101.47544116939422,-3.634539080135357
26.896551724137936,557.2413793103449,94.68641529479986,-3.7642467406371445
33.79310344827586,557.2413793103449,87.91412954470319,-3.9034648036390984
40.689655172413794,557.2413793103449,81.16277445475738,-4.053576831308024
47.586206896551715,557.2413793103449,74.43804532732037,-4.216272835174009
54.48275862068965,557.2413793103449,67.74787139444311,-4.393635135508377
61.37931034482759,557.2413793103449,61.103603954032245,-4.588247250884911
68.27586206896552,557.2413793103449,54.522028623592746,-4.803322346988963
75.17241379310344,557.2413793103449,48.028925093738344,-5.0428233435280125
82.06896551724137,557.2413793103449,41.66567577101577,-5.3114663633581785
88.9655172413793,557.2413793103449,35.50217289995518,-5.614241413018407
95.86206896551724,557.2413793103449,29.663190576009058,-5.954265825396513
102.75862068965517,557.2413793103449,24.382992454708532,-6.325345527326264
109.6551724137931,557.2413793103449,20.10673067188035,-6.690488707421426
116.55172413793103,557.2413793103449,17.582825908940638,-6.944521564711164
123.44827586206895,557.2413793103449,17.582825908940634,-6.944521564711164
130.3448275862069,557.2413793103449,20.106730671880342,-6.6904887074214265
137.24137931034483,557.2413793103449,24.382992454708532,-6.325345527326264
144.13793103448273,557.2413793103449,29.663190576009047,-5.954265825396513
151.03448275862067,557.2413793103449,35.502172899955156,-5.614241413018408
157.9310344827586,557.2413793103449,41.665675771015756,-5.3114663633581785
164.82758620689654,557.2413793103449,48.02892509373833,-5.042823343528013
171.72413793103448,557.2413793103449,54.52202862359274,-4.803322346988963
178.6206896551724,557.2413793103449,61.103603954032245,-4.588247250884911
185.51724137931035,557.2413793103449,67.74787139444311,-4.393635135508377
192.41379310344826,557.2413793103449,74.43804532732034,-4.21627283517401
199.3103448275862,557.2413793103449,81.16277445475737,-4.053576831308025
206.20689655172413,557.2413793103449,87.91412954470317,-3.9034648036390984
213.10344827586206,557.2413793103449,94.68641529479986,-3.7642467406371445
220.0,557.2413793103449,101.47544116939422,-3.634539080135357
20.0,564.1379310344828,102.8719578632848,-3.608961625529525
26.896551724137936,564.1379310344828,96.18155642056105,-3.734882407523748
33.79310344827586,564.1379310344828,89.52244817756669,-3.8694363369060487
40.689655172413794,564.1379310344828,82.90217434600902,-4.013721015846945
47.586206896551715,564.1379310344828,76.33084007302985,-4.169017864256661
54.48275862068965,564.1379310344828,69.82226459074685,-4.336812070968193
61.37931034482759,564.1379310344828,63.39578038224219,-4.518793207832667
68.27586206896552,564.1379310344828,57.07912192154085,-4.716802606813054
75.17241379310344,564.1379310344828,50.91318296632207,-4.9326486496728785
82.06896551724137,564.1379310344828,44.96001658760447,-5.167608802853338
88.9655172413793,564.1379310344828,39.31639396893579,-5.421213079736387
95.86206896551724,564.1379310344828,34.13618943659194,-5.68847436047933
102.75862068965517,564.1379310344828,29.663190576009047,-5.954265825396513
109.6551724137931,564.1379310344828,26.261286571944503,-6.184846949747541
116.55172413793103,564.1379310344828,24.382992454708525,-6.325345527326264
123.44827586206895,564.1379310344828,24.38299245470852,-6.325345527326265
130.3448275862069,564.1379310344828,26.261286571944495,-6.184846949747542
137.24137931034483,564.1379310344828,29.663190576009047,-5.954265825396513
144.13793103448273,564.1379310344828,34.136189436591934,-5.688474360479331
151.03448275862067,564.1379310344828,39.31639396893576,-5.421213079736388
157.9310344827586,564.1379310344828,44.96001658760446,-5.167608802853338
164.82758620689654,564.1379310344828,50.913182966322054,-4.932648649672879
171.72413793103448,564.1379310344828,57.079121921540846,-4.716802606813055
178.6206896551724,564.1379310344828,63.39578038224219,-4.518793207832667
185.51724137931035,564.1379310344828,69.82226459074685,-4.336812070968193
192.41379310344826,564.1379310344828,76.33084007302983,-4.169017864256662
199.3103448275862,564.1379310344828,82.902174346009,-4.013721015846946
206.20689655172413,564.1379310344828,89.52244817756667,-3.8694363369060487
213.10344827586206,564.1379310344828,96.18155642056105,-3.734882407523748
220.0,564.1379310344828,102.8719578632848,-3.608961625529525
20.0,571.0344827586207,104.70501000475156,-3.575924017310031
26.896551724137936,571.0344827586207,98.13965152246693,-3.6971235754908798
33.79310344827586,571.0344827586207,91.62296727990636,-3.8259203855475046
40.689655172413794,571.0344827586207,85.16613127743771,-3.9631002589964415
47.586206896551715,571.0344827586207,78.78385971583354,-4.1095139617820555
54.48275862068965,571.0344827586207,72.49584841940909,-4.266043910851473
61.37931034482759,571.0344827586207,66.32891055748739,-4.433526640799811
68.27586206896552,571.0344827586207,60.32019201564103,-4.612589325097488
75.17241379310344,571.0344827586207,54.52202862359274,-4.803322346988963
82.06896551724137,571.0344827586207,49.009208288109974,-5.0046484644392475
88.9655172413793,571.0344827586207,43.889386418475354,-5.21316594933581
95.86206896551724,571.0344827586207,39.31639396893578,-5.421213079736388
102.75862068965517,571.0344827586207,35.502172899955156,-5.614241413018408
109.6551724137931,571.0344827586207,32.71321717415563,-5.769041472408943
116.55172413793103,571.0344827586207,31.225465993577277,-5.857123547586116
123.44827586206895,571.0344827586207,31.225465993577277,-5.857123547586116
130.3448275862069,571.0344827586207,32.71321717415562,-5.769041472408943
137.24137931034483,571.0344827586207,35.502172899955156,-5.614241413018408
144.13793103448273,571.0344827586207,39.31639396893576,-5.421213079736388
151.03448275862067,571.0344827586207,43.88938641847533,-5.213165949335811
157.9310344827586,571.0344827586207,49.00920828810996,-5.004648464439248
164.82758620689654,571.0344827586207,54.522028623592725,-4.803322346988963
171.72413793103448,571.0344827586207,60.32019201564102,-4.612589325097489
178.6206896551724,571.0344827586207,66.32891055748739,-4.433526640799811
185.51724137931035,571.0344827586207,72.49584841940909,-4.266043910851473
192.41379310344826,571.0344827586207,78.78385971583351,-4.109513961782056
199.3103448275862,571.0344827586207,85.1661312774377,-3.9631002589964424
206.20689655172413,571.0344827586207,91.62296727990635,-3.8259203855475046
213.10344827586206,571.0344827586207,98.13965152246693,-3.6971235754908798
220.0,571.0344827586207,104.70501000475156,-3.575924017310031
20.0,577.9310344827586,106.95215461566085,-3.5362236067084334
26.896551724137936,577.9310344827586,100.53365335940171,-3.651992542827159
33.79310344827586,577.9310344827586,94.18276057757008,-3.774245197998403
40.689655172413794,577.9310344827586,87.91412954470317,-3.9034648036390984
47.586206896551715,577.9310344827586,81.74668683537723,-4.040101366684382
54.48275862068965,577.9310344827586,75.70516689689705,-4.184505555598019
61.37931034482759,577.9310344827586,69.82226459074684,-4.336812070968194
68.27586206896552,577.9310344827586,64.14163875082163,-4.496738965854176
75.17241379310344,577.9310344827586,58.72202195147034,-4.663251913347815
82.06896551724137,577.9310344827586,53.642583400358774,-4.834026125249218
88.9655172413793,577.9310344827586,49.009208288109974,-5.0046484644392475
95.86206896551724,577.9310344827586,44.960016587604464,-5.167608802853338
102.75862068965517,577.9310344827586,41.665675771015756,-5.3114663633581785
109.6551724137931,577.9310344827586,39.31639396893578,-5.421213079736388
116.55172413793103,577.9310344827586,38.08745178340433,-5.481275372683283
123.44827586206895,577.9310344827586,38.08745178340433,-5.481275372683283
130.3448275862069,577.9310344827586,39.31639396893578,-5.421213079736388
137.24137931034483,577.9310344827586,41.665675771015756,-5.3114663633581785
144.13793103448273,577.9310344827586,44.96001658760446,-5.167608802853338
151.03448275862067,577.9310344827586,49.00920828810996,-5.004648464439248
157.9310344827586,577.9310344827586,53.64258340035876,-4.834026125249218
164.82758620689654,577.9310344827586,58.72202195147033,-4.663251913347816
171.72413793103448,577.9310344827586,64.14163875082163,-4.496738965854176
178.6206896551724,577.9310344827586,69.82226459074684,-4.336812070968194
185.51724137931035,577.9310344827586,75.70516689689705,-4.184505555598019
192.41379310344826,577.9310344827586,81.7466868353772,-4.040101366684382
199.3103448275862,577.9310344827586,87.91412954470317,-3.9034648036390984
206.20689655172413,577.9310344827586,94.18276057757008,-3.774245197998403
213.10344827586206,577.9310344827586,100.53365335940171,-3.651992542827159
220.0,577.9310344827586,106.95215461566085,-3.5362236067084334
20.0,584.8275862068965,109.58792125566002,-3.4907352144016457
26.896551724137936,584.8275862068965,103.33326940532204,-3.6005907621221076
33.79310344827586,584.8275862068965,97.16553657658876,-3.7158106199838374
40.689655172413794,584.8275862068965,91.10237802498555,-3.836609773089747
47.586206896551715,584.8275862068965,85.16613127743771,-3.9631002589964415
54.48275862068965,584.8275862068965,79.38527195325061,-4.095212189325397
61.37931034482759,584.8275862068965,73.79632606562998,-4.232570657202754
68.27586206896552,584.8275862068965,68.44632152165244,-4.374308602165198
75.17241379310344,584.8275862068965,63.39578038224219,-4.518793207832667
82.06896551724137,584.8275862068965,58.72202195147034,-4.663251913347815
88.9655172413793,584.8275862068965,54.52202862359274,-4.803322346988963
95.86206896551724,584.8275862068965,50.91318296632206,-4.9326486496728785
102.75862068965517,584.8275862068965,48.02892509373833,-5.042823343528013
109.6551724137931,584.8275862068965,46.00573815215976,-5.124151916321926
116.55172413793103,584.8275862068965,44.960016587604464,-5.167608802853338
123.44827586206895,584.8275862068965,44.960016587604464,-5.167608802853338
130.3448275862069,584.8275862068965,46.00573815215976,-5.124151916321926
137.24137931034483,584.8275862068965,48.02892509373833,-5.042823343528013
144.13793103448273,584.8275862068965,50.913182966322054,-4.932648649672879
151.03448275862067,584.8275862068965,54.522028623592725,-4.803322346988963
157.9310344827586,584.8275862068965,58.72202195147033,-4.663251913347816
164.82758620689654,584.8275862068965,63.39578038224217,-4.518793207832668
171.72413793103448,584.8275862068965,68.44632152165242,-4.374308602165199
178.6206896551724,584.8275862068965,73.79632606562998,-4.232570657202754
185.51724137931035,584.8275862068965,79.38527195325061,-4.095212189325397
192.41379310344826,584.8275862068965,85.1661312774377,-3.9631002589964424
199.3103448275862,584.8275862068965,91.10237802498555,-3.836609773089747
206.20689655172413,584.8275862068965,97.16553657658875,-3.7158106199838383
213.10344827586206,584.8275862068965,103.33326940532204,-3.6005907621221076
220.0,584.8275862068965,109.58792125566002,-3.4907352144016457
20.0,591.7241379310344,112.58501874010005,-3.440358806739488
26.896551724137936,591.7241379310344,106.50651869986551,-3.544028166979234
33.79310344827586,591.7241379310344,100.53365335940174,-3.6519925428271582
40.689655172413794,591.7241379310344,94.68641529479987,-3.7642467406371436
47.586206896551715,591.7241379310344,88.98957172802717,-3.880641348719688
54.48275862068965,591.7241379310344,83.47392025455314,-4.00080564693887
61.37931034482759,591.7241379310344,78.17782102589402,-4.124038264474909
68.27586206896552,591.7241379310344,73.1489773641256,-4.249157558563497
75.17241379310344,591.7241379310344,68.44632152165244,-4.374308602165198
82.06896551724137,591.7241379310344,64.14163875082164,-4.496738965854175
88.9655172413793,591.7241379310344,60.320192015641034,-4.612589325097488
95.86206896551724,591.7241379310344,57.07912192154085,-4.716802606813054
102.75862068965517,591.7241379310344,54.52202862359274,-4.803322346988963
109.6551724137931,591.7241379310344,52.7484777268219,-4.865765748958294
116.55172413793103,591.7241379310344,51.83895302887209,-4.898613298435483
123.44827586206895,591.7241379310344,51.83895302887209,-4.898613298435483
130.3448275862069,591.7241379310344,52.7484777268219,-4.865765748958294
137.24137931034483,591.7241379310344,54.52202862359274,-4.803322346988963
144.13793103448273,591.7241379310344,57.079121921540846,-4.716802606813055
151.03448275862067,591.7241379310344,60.32019201564102,-4.612589325097489
157.9310344827586,591.7241379310344,64.14163875082163,-4.496738965854176
164.82758620689654,591.7241379310344,68.44632152165242,-4.374308602165199
171.72413793103448,591.7241379310344,73.1489773641256,-4.249157558563497
178.6206896551724,591.7241379310344,78.17782102589402,-4.124038264474909
185.51724137931035,591.7241379310344,83.47392025455314,-4.00080564693887
192.41379310344826,591.7241379310344,88.98957172802716,-3.880641348719689
199.3103448275862,591.7241379310344,94.68641529479986,-3.7642467406371445
206.20689655172413,591.7241379310344,100.53365335940171,-3.651992542827159
213.10344827586206,591.7241379310344,106.50651869986551,-3.544028166979234
220.0,591.7241379310344,112.58501874010005,-3.440358806739488
20.0,598.6206896551724,115.91542285497663,-3.385975789914753
26.896551724137936,598.6206896551724,110.02107678306079,-3.483367522582277
33.79310344827586,598.6206896551724,104.24976867469637,-3.584073262763423
40.689655172413794,598.6206896551724,98.62310100741442,-3.6879195930306623
47.586206896551715,598.6206896551724,93.16728335245723,-3.7945713278953535
54.48275862068965,598.6206896551724,87.91412954470319,-3.9034648036390984
61.37931034482759,598.6206896551724,82.90217434600902,-4.013721015846945
68.27586206896552,598.6206896551724,78.17782102589402,-4.124038264474909
75.17241379310344,598.6206896551724,73.79632606562998,-4.232570657202754
82.06896551724137,598.6206896551724,69.82226459074685,-4.336812070968193
88.9655172413793,598.6206896551724,66.3289105574874,-4.43352664079981
95.86206896551724,598.6206896551724,63.39578038224219,-4.518793207832667
102.75862068965517,598.6206896551724,61.103603954032245,-4.588247250884911
109.6551724137931,598.6206896551724,59.526470695282995,-4.637579126863538
116.55172413793103,598.6206896551724,58.722021951470346,-4.663251913347815
123.44827586206895,598.6206896551724,58.722021951470346,-4.663251913347815
130.3448275862069,598.6206896551724,59.526470695282995,-4.637579126863538
137.24137931034483,598.6206896551724,61.103603954032245,-4.588247250884911
144.13793103448273,598.6206896551724,63.39578038224219,-4.518793207832667
151.03448275862067,598.6206896551724,66.32891055748739,-4.433526640799811
157.9310344827586,598.6206896551724,69.82226459074684,-4.336812070968194
164.82758620689654,598.6206896551724,73.79632606562998,-4.232570657202754
171.72413793103448,598.6206896551724,78.17782102589402,-4.124038264474909
178.6206896551724,598.6206896551724,82.90217434600902,-4.013721015846945
185.51724137931035,598.6206896551724,87.91412954470319,-3.9034648036390984
192.41379310344826,598.6206896551724,93.1672833524572,-3.7945713278953535
199.3103448275862,598.6206896551724,98.62310100741442,-3.6879195930306623
206.20689655172413,598.6206896551724,104.24976867469637,-3.584073262763423
213.10344827586206,598.6206896551724,110.02107678306079,-3.483367522582277
220.0,598.6206896551724,115.91542285497663,-3.385975789914753
20.0,605.5172413793103,119.55128154041184,-3.3284162930216517
26.896551724137936,605.5172413793103,113.84533806358053,-3.4195860382458876
33.79310344827586,605.5172413793103,108.27805840074194,-3.5131987145098678
40.689655172413794,605.5172413793103,102.8719578632848,-3.608961625529525
47.586206896551715,605.5172413793103,97.65380867935377,-3.7064199668166564
54.48275862068965,605.5172413793103,92.65537132789244,-3.804903829070306
61.37931034482759,605.5172413793103,87.91412954470319,-3.9034648036390984
68.27586206896552,605.5172413793103,83.47392025455314,-4.00080564693887
75.17241379310344,605.5172413793103,79.38527195325061,-4.095212189325397
82.06896551724137,605.5172413793103,75.70516689689707,-4.184505555598019
88.9655172413793,605.5172413793103,72.4958484194091,-4.266043910851473
95.86206896551724,605.5172413793103,69.82226459074685,-4.336812070968193
102.75862068965517,605.5172413793103,67.74787139444311,-4.393635135508377
109.6551724137931,605.5172413793103,66.3289105574874,-4.43352664079981
116.55172413793103,605.5172413793103,65.60792272565672,-4.454127583487561
123.44827586206895,605.5172413793103,65.60792272565672,-4.454127583487561
130.3448275862069,605.5172413793103,66.32891055748739,-4.433526640799811
137.24137931034483,605.5172413793103,67.74787139444311,-4.393635135508377
144.13793103448273,605.5172413793103,69.82226459074685,-4.336812070968193
151.03448275862067,605.5172413793103,72.49584841940909,-4.266043910851473
157.9310344827586,605.5172413793103,75.70516689689705,-4.184505555598019
164.82758620689654,605.5172413793103,79.38527195325061,-4.095212189325397
171.72413793103448,605.5172413793103,83.47392025455314,-4.00080564693887
178.6206896551724,605.5172413793103,87.91412954470319,-3.9034648036390984
185.51724137931035,605.5172413793103,92.65537132789244,-3.804903829070306
192.41379310344826,605.5172413793103,97.65380867935374,-3.7064199668166573
199.3103448275862,605.5172413793103,102.8719578632848,-3.608961625529525
206.20689655172413,605.5172413793103,108.27805840074194,-3.5131987145098678
213.10344827586206,605.5172413793103,113.84533806358053,-3.4195860382458876
220.0,605.5172413793103,119.55128154041184,-3.3284162930216517
20.0,612.4137931034483,123.46561234460796,-3.268437634520453
26.896551724137936,612.4137931034483,117.94918190680735,-3.3535531991527314
33.79310344827586,612.4137931034483,112.58501874010004,-3.440358806739488
40.689655172413794,612.4137931034483,107.39594139584437,-3.5284845576735977
47.586206896551715,612.4137931034483,102.40856830977584,-3.617409029945229
54.48275862068965,612.4137931034483,97.65380867935374,-3.7064199668166573
61.37931034482759,612.4137931034483,93.1672833524572,-3.7945713278953535
68.27586206896552,612.4137931034483,88.98957172802716,-3.880641348719689
75.17241379310344,612.4137931034483,85.1661312774377,-3.9631002589964424
82.06896551724137,612.4137931034483,81.74668683537722,-4.040101366684382
88.9655172413793,612.4137931034483,78.78385971583351,-4.109513961782056
95.86206896551724,612.4137931034483,76.33084007302983,-4.169017864256662
102.75862068965517,612.4137931034483,74.43804532732034,-4.21627283517401
109.6551724137931,612.4137931034483,73.14897736412559,-4.249157558563498
116.55172413793103,612.4137931034483,72.49584841940909,-4.266043910851473
123.44827586206895,612.4137931034483,72.49584841940909,-4.266043910851473
130.3448275862069,612.4137931034483,73.14897736412559,-4.249157558563498
137.24137931034483,612.4137931034483,74.43804532732034,-4.21627283517401
144.13793103448273,612.4137931034483,76.33084007302983,-4.169017864256662
151.03448275862067,612.4137931034483,78.78385971583351,-4.109513961782056
157.9310344827586,612.4137931034483,81.7466868353772,-4.040101366684382
164.82758620689654,612.4137931034483,85.1661312774377,-3.9631002589964424
171.72413793103448,612.4137931034483,88.98957172802716,-3.880641348719689
178.6206896551724,612.4137931034483,93.1672833524572,-3.7945713278953535
185.51724137931035,612.4137931034483,97.65380867935374,-3.7064199668166573
192.41379310344826,612.4137931034483,102.40856830977582,-3.6174090299452297
199.3103448275862,612.4137931034483,107.39594139584437,-3.5284845576735977
206.20689655172413,612.4137931034483,112.58501874010003,-3.440358806739488
213.10344827586206,612.4137931034483,117.94918190680735,-3.3535531991527314
220.0,612.4137931034483,123.46561234460796,-3.268437634520453
20.0,619.3103448275862,127.63279671256376,-3.206712689682114
26.896551724137936,619.3103448275862,122.3044679377117,-3.286021891283177
33.79310344827586,619.3103448275862,117.13991552733123,-3.3663850148300893
40.689655172413794,619.3103448275862,112.16176529165925,-3.447388714104476
47.586206896551715,619.3103448275862,107.39594139584439,-3.5284845576735977
54.48275862068965,619.3103448275862,102.8719578632848,-3.608961625529525
61.37931034482759,619.3103448275862,98.62310100741442,-3.6879195930306623
68.27586206896552,619.3103448275862,94.68641529479986,-3.7642467406371445
75.17241379310344,619.3103448275862,91.10237802498555,-3.836609773089747
82.06896551724137,619.3103448275862,87.91412954470317,-3.9034648036390984
88.9655172413793,619.3103448275862,85.16613127743771,-3.9631002589964415
95.86206896551724,619.3103448275862,82.902174346009,-4.013721015846946
102.75862068965517,619.3103448275862,81.16277445475737,-4.053576831308025
109.6551724137931,619.3103448275862,79.98216210167725,-4.081126278971761
116.55172413793103,619.3103448275862,79.3852719532506,-4.095212189325397
123.44827586206895,619.3103448275862,79.3852719532506,-4.095212189325397
130.3448275862069,619.3103448275862,79.98216210167723,-4.0811262789717615
137.24137931034483,619.3103448275862,81.16277445475737,-4.053576831308025
144.13793103448273,619.3103448275862,82.902174346009,-4.013721015846946
151.03448275862067,619.3103448275862,85.1661312774377,-3.9631002589964424
157.9310344827586,619.3103448275862,87.91412954470317,-3.9034648036390984
164.82758620689654,619.3103448275862,91.10237802498555,-3.836609773089747
171.72413793103448,619.3103448275862,94.68641529479986,-3.7642467406371445
178.6206896551724,619.3103448275862,98.62310100741442,-3.6879195930306623
185.51724137931035,619.3103448275862,102.8719578632848,-3.608961625529525
192.41379310344826,619.3103448275862,107.39594139584437,-3.5284845576735977
199.3103448275862,619.3103448275862,112.16176529165925,-3.447388714104476
206.20689655172413,619.3103448275862,117.13991552733121,-3.3663850148300893
213.10344827586206,619.3103448275862,122.3044679377117,-3.286021891283177
220.0,619.3103448275862,127.63279671256376,-3.206712689682114
20.0,626.2068965517242,132.0288946143217,-3.143826133465607
26.896551724137936,626.2068965517242,126.88530684809722,-3.2176292475046426
33.79310344827586,626.2068965517242,121.91496227354267,-3.2919592822651196
40.689655172413794,626.2068965517242,117.13991552733123,-3.3663850148300893
47.586206896551715,626.2068965517242,112.58501874010005,-3.440358806739488
54.48275862068965,626.2068965517242,108.27805840074194,-3.5131987145098678
61.37931034482759,626.2068965517242,104.24976867469637,-3.584073262763423
68.27586206896552,626.2068965517242,100.53365335940173,-3.651992542827159
75.17241379310344,626.2068965517242,97.16553657658876,-3.7158106199838374
82.06896551724137,626.2068965517242,94.18276057757008,-3.774245197998403
88.9655172413793,626.2068965517242,91.62296727990635,-3.8259203855475046
95.86206896551724,626.2068965517242,89.52244817756667,-3.8694363369060487
102.75862068965517,626.2068965517242,87.91412954470317,-3.9034648036390984
109.6551724137931,626.2068965517242,86.82536766906324,-3.926862424519832
116.55172413793103,626.2068965517242,86.27583450480553,-3.938785633530485
123.44827586206895,626.2068965517242,86.27583450480553,-3.938785633530485
130.3448275862069,626.2068965517242,86.82536766906324,-3.926862424519832
137.24137931034483,626.2068965517242,87.91412954470317,-3.9034648036390984
144.13793103448273,626.2068965517242,89.52244817756667,-3.8694363369060487
151.03448275862067,626.2068965517242,91.62296727990635,-3.8259203855475046
157.9310344827586,626.2068965517242,94.18276057757008,-3.774245197998403
164.82758620689654,626.2068965517242,97.16553657658875,-3.7158106199838383
171.72413793103448,626.2068965517242,100.53365335940171,-3.651992542827159
178.6206896551724,626.2068965517242,104.24976867469637,-3.584073262763423
185.51724137931035,626.2068965517242,108.27805840074194,-3.5131987145098678
192.41379310344826,626.2068965517242,112.58501874010003,-3.440358806739488
199.3103448275862,626.2068965517242,117.13991552733121,-3.3663850148300893
206.20689655172413,626.2068965517242,121.91496227354266,-3.2919592822651196
213.10344827586206,626.2068965517242,126.88530684809722,-3.2176292475046426
220.0,626.2068965517242,132.0288946143217,-3.143826133465607
20.0,633.1034482758621,136.63181211144104,-3.0802763700668936
26.896551724137936,633.1034482758621,131.66815925542608,-3.148903829608431
33.79310344827586,633.1034482758621,126.88530684809723,-3.217629247504642
40.689655172413794,633.1034482758621,122.3044679377117,-3.286021891283177
47.586206896551715,633.1034482758621,117.94918190680737,-3.3535531991527314
54.48275862068965,633.1034482758621,113.84533806358053,-3.4195860382458876
61.37931034482759,633.1034482758621,110.02107678306079,-3.483367522582277
68.27586206896552,633.1034482758621,106.50651869986551,-3.544028166979234
75.17241379310344,633.1034482758621,103.33326940532204,-3.6005907621221076
82.06896551724137,633.1034482758621,100.53365335940173,-3.651992542827159
88.9655172413793,633.1034482758621,98.13965152246693,-3.6971235754908798
95.86206896551724,633.1034482758621,96.18155642056105,-3.734882407523748
102.75862068965517,633.1034482758621,94.68641529479986,-3.7642467406371445
109.6551724137931,633.1034482758621,93.67639798073189,-3.7843526020641876
116.55172413793103,633.1034482758621,93.1672833524572,-3.7945713278953535
123.44827586206895,633.1034482758621,93.1672833524572,-3.7945713278953535
130.3448275862069,633.1034482758621,93.67639798073189,-3.7843526020641876
137.24137931034483,633.1034482758621,94.68641529479986,-3.7642467406371445
144.13793103448273,633.1034482758621,96.18155642056105,-3.734882407523748
151.03448275862067,633.1034482758621,98.13965152246693,-3.6971235754908798
157.9310344827586,633.1034482758621,100.53365335940171,-3.651992542827159
164.82758620689654,633.1034482758621,103.33326940532204,-3.6005907621221076
171.72413793103448,633.1034482758621,106.50651869986551,-3.544028166979234
178.6206896551724,633.1034482758621,110.02107678306079,-3.483367522582277
185.51724137931035,633.1034482758621,113.84533806358053,-3.4195860382458876
192.41379310344826,633.1034482758621,117.94918190680735,-3.3535531991527314
199.3103448275862,633.1034482758621,122.3044679377117,-3.286021891283177
206.20689655172413,633.1034482758621,126.88530684809722,-3.2176292475046426
213.10344827586206,633.1034482758621,131.66815925542608,-3.148903829608431
220.0,633.1034482758621,136.63181211144104,-3.0802763700668936
20.0,640.0,141.4213562373095,-3.0164811627520245
26.896551724137936,640.0,136.63181211144104,-3.0802763700668936
33.79310344827586,640.0,132.02889461432173,-3.1438261334656064
40.689655172413794,640.0,127.63279671256377,-3.206712689682114
47.586206896551715,640.0,123.46561234460799,-3.268437634520453
54.48275862068965,640.0,119.55128154041184,-3.3284162930216517
61.37931034482759,640.0,115.91542285497663,-3.385975789914753
68.27586206896552,640.0,112.58501874010005,-3.440358806739488
75.17241379310344,640.0,109.58792125566002,-3.4907352144016457
82.06896551724137,640.0,106.95215461566085,-3.5362236067084334
88.9655172413793,640.0,104.70501000475157,-3.575924017310031
95.86206896551724,640.0,102.8719578632848,-3.608961625529525
102.75862068965517,640.0,101.47544116939422,-3.634539080135357
109.6551724137931,640.0,100.53365335940174,-3.6519925428271582
116.55172413793103,640.0,100.05943536928902,-3.6608443682170164
123.44827586206895,640.0,100.05943536928902,-3.6608443682170164
130.3448275862069,640.0,100.53365335940174,-3.6519925428271582
137.24137931034483,640.0,101.47544116939422,-3.634539080135357
144.13793103448273,640.0,102.8719578632848,-3.608961625529525
151.03448275862067,640.0,104.70501000475156,-3.575924017310031
157.9310344827586,640.0,106.95215461566085,-3.5362236067084334
164.82758620689654,640.0,109.58792125566002,-3.4907352144016457
171.72413793103448,640.0,112.58501874010005,-3.440358806739488
178.6206896551724,640.0,115.91542285497663,-3.385975789914753
185.51724137931035,640.0,119.55128154041184,-3.3284162930216517
192.41379310344826,640.0,123.46561234460796,-3.268437634520453
199.3103448275862,640.0,127.63279671256376,-3.206712689682114
206.20689655172413,640.0,132.0288946143217,-3.143826133465607
213.10344827586206,640.0,136.63181211144104,-3.0802763700668936
220.0,640.0,141.4213562373095,-3.0164811627520245
